{"cameraMode":{"drawMode":0,"name":"Shaded","section":"Shading Mode"},"sceneLighting":false,"audioPlay":false,"sceneViewState":{"m_AlwaysRefresh":false,"showFog":true,"showSkybox":true,"showFlares":true,"showImageEffects":true,"showParticleSystems":true,"showVisualEffectGraphs":true,"m_FxEnabled":true},"in2DMode":false,"pivot":{"x":-12.902047157287598,"y":53.845069885253909,"z":-33.54433822631836},"rotation":{"x":0.0034580559004098179,"y":0.9784510731697083,"z":-0.20579911768436433,"w":0.01644050143659115},"size":36.401336669921878,"orthographic":false}